Dx,Dt,iNstep,thrCrossTimeStep,avalStatus,computeTime,streamer,nCluster,size,finalChargesTot,ElecThr,ElecThrReachedTime,ElecMax,ChargeMax
0.0002,0.015321211507295568,500,-1,4,5979.0,1,9,460,2.25369818004241e-12,6241.0,158,551848689.0,1.1948094512129398e-13
0.0002,0.015321211507295568,500,-1,4,6137.0,1,7,428,2.2714983649266773e-12,6241.0,138,525919315.0,1.13866967642182e-13
0.0002,0.015321211507295568,500,-1,4,6258.0,1,11,437,2.4619640766276112e-12,6241.0,142,499897534.0,1.0823298309244374e-13
0.0002,0.015321211507295568,500,473,4,6605.0,0,8,473,3.0164248784049272e-12,6241.0,156,195671038.0,4.236480219871401e-14
